date,station,tobs
2016-10-12,USC00519397,80.0
2016-10-12,USC00519523,81.0
2016-10-12,USC00513117,75.0
2016-10-12,USC00516128,78.0
2016-10-12,USC00514830,80.0
2016-10-12,USC00519281,79.0
2016-10-13,USC00517948,80.0
2016-10-13,USC00513117,78.0
2016-10-13,USC00516128,75.0
2016-10-13,USC00514830,81.0
2016-10-13,USC00519281,78.0
2016-10-13,USC00519523,79.0
2016-10-13,USC00519397,79.0
2016-10-14,USC00514830,79.0
2016-10-14,USC00519523,80.0
2016-10-14,USC00519281,79.0
2016-10-14,USC00516128,73.0
2016-10-14,USC00519397,80.0
2016-10-14,USC00513117,77.0
2016-10-15,USC00516128,74.0
2016-10-15,USC00519397,79.0
2016-10-15,USC00514830,81.0
2016-10-15,USC00513117,76.0
2016-10-15,USC00519523,79.0
2016-10-15,USC00519281,77.0
2016-10-16,USC00519523,81.0
2016-10-16,USC00516128,77.0
2016-10-16,USC00519281,79.0
2016-10-16,USC00519397,78.0
2016-10-16,USC00513117,75.0
2016-10-17,USC00513117,77.0
2016-10-17,USC00517948,80.0
2016-10-17,USC00519281,77.0
2016-10-17,USC00514830,78.0
2016-10-17,USC00516128,70.0
2016-10-17,USC00519523,80.0
2016-10-17,USC00519397,78.0
2016-10-18,USC00517948,80.0
2016-10-18,USC00519523,80.0
2016-10-18,USC00519397,80.0
2016-10-18,USC00513117,77.0
2016-10-18,USC00514830,80.0
2016-10-18,USC00516128,74.0
2016-10-18,USC00519281,78.0
2016-10-19,USC00516128,70.0
2016-10-19,USC00514830,79.0
2016-10-19,USC00519523,78.0
2016-10-19,USC00513117,77.0
2016-10-19,USC00517948,80.0
2016-10-19,USC00519397,81.0
2016-10-19,USC00519281,78.0
2016-10-20,USC00514830,77.0
2016-10-20,USC00516128,73.0
2016-10-20,USC00513117,76.0
2016-10-20,USC00517948,78.0
2016-10-20,USC00519397,79.0
2016-10-20,USC00519281,78.0
2016-10-21,USC00514830,78.0
2016-10-21,USC00517948,76.0
2016-10-21,USC00513117,76.0
2016-10-21,USC00519397,77.0
2016-10-21,USC00519523,79.0
2016-10-21,USC00516128,74.0
2016-10-21,USC00519281,78.0
2016-10-22,USC00519397,79.0
2016-10-22,USC00516128,75.0
2016-10-22,USC00519281,77.0
2016-10-22,USC00519523,80.0
2016-10-22,USC00513117,77.0
2016-10-23,USC00513117,76.0
2016-10-23,USC00519281,74.0
2016-10-23,USC00519397,78.0
2016-10-23,USC00516128,72.0
2016-10-23,USC00514830,80.0
2016-10-23,USC00519523,81.0
2016-10-24,USC00516128,71.0
2016-10-24,USC00514830,77.0
2016-10-24,USC00519281,75.0
2016-10-24,USC00519397,77.0
2016-10-24,USC00517948,76.0
2016-10-24,USC00513117,76.0
2016-10-24,USC00519523,75.0
2016-10-25,USC00519281,76.0
2016-10-25,USC00519523,77.0
2016-10-25,USC00516128,74.0
2016-10-25,USC00519397,77.0
2016-10-25,USC00517948,77.0
2016-10-25,USC00513117,77.0
2016-10-25,USC00514830,81.0
2016-10-26,USC00519397,78.0
2016-10-26,USC00513117,74.0
2016-10-26,USC00519281,73.0
2016-10-26,USC00519523,78.0
2016-10-26,USC00517948,73.0
2016-10-26,USC00516128,75.0
2016-10-27,USC00513117,75.0
2016-10-27,USC00519281,76.0
2016-10-27,USC00517948,77.0
2016-10-27,USC00516128,71.0
2016-10-27,USC00519523,78.0
2016-10-27,USC00519397,77.0
2016-10-27,USC00514830,78.0
2016-10-28,USC00514830,78.0
2016-10-28,USC00519397,78.0
2016-10-28,USC00517948,76.0
2016-10-28,USC00519523,78.0
2016-10-28,USC00513117,77.0
2016-10-28,USC00516128,68.0
2016-10-28,USC00519281,74.0
2016-10-29,USC00513117,77.0
2016-10-29,USC00519281,77.0
2016-10-29,USC00516128,71.0
2016-10-29,USC00519523,78.0
2016-10-29,USC00519397,77.0
2016-10-29,USC00514830,76.0
2016-10-30,USC00519523,79.0
2016-10-30,USC00513117,78.0
2016-10-30,USC00519281,76.0
2016-10-30,USC00516128,76.0
2016-10-30,USC00519397,76.0
2016-10-30,USC00514830,78.0
2016-10-31,USC00516128,69.0
2016-10-31,USC00519397,77.0
2016-10-31,USC00513117,76.0
2016-10-31,USC00519281,76.0
2016-10-31,USC00514830,77.0
2016-10-31,USC00519523,78.0
2016-10-31,USC00517948,75.0
2016-11-01,USC00514830,77.0
2016-11-01,USC00519523,79.0
2016-11-01,USC00516128,73.0
2016-11-01,USC00513117,77.0
2016-11-01,USC00519281,74.0
2016-11-01,USC00519397,77.0
2016-11-02,USC00513117,76.0
2016-11-02,USC00514830,78.0
2016-11-02,USC00519281,75.0
2016-11-02,USC00516128,76.0
2016-11-02,USC00519397,77.0
2016-11-02,USC00519523,76.0
2016-11-03,USC00519397,77.0
2016-11-03,USC00519523,77.0
2016-11-03,USC00516128,74.0
2016-11-03,USC00513117,74.0
2016-11-03,USC00519281,75.0
2016-11-03,USC00514830,77.0
2016-11-04,USC00519281,75.0
2016-11-04,USC00514830,77.0
2016-11-04,USC00519397,77.0
2016-11-04,USC00519523,76.0
2016-11-04,USC00513117,76.0
2016-11-04,USC00516128,74.0
2016-11-04,USC00517948,77.0
2016-11-05,USC00519281,75.0
2016-11-05,USC00514830,77.0
2016-11-05,USC00513117,72.0
2016-11-05,USC00519397,76.0
2016-11-05,USC00519523,78.0
2016-11-05,USC00516128,69.0
2016-11-06,USC00514830,78.0
2016-11-06,USC00519281,71.0
2016-11-06,USC00519523,78.0
2016-11-06,USC00519397,75.0
2016-11-06,USC00513117,76.0
2016-11-06,USC00516128,77.0
2016-11-07,USC00517948,75.0
2016-11-07,USC00519523,76.0
2016-11-07,USC00519397,71.0
2016-11-07,USC00514830,72.0
2016-11-07,USC00513117,69.0
2016-11-07,USC00516128,71.0
2016-11-07,USC00519281,63.0
2016-11-08,USC00513117,71.0
2016-11-08,USC00519523,77.0
2016-11-08,USC00514830,73.0
2016-11-08,USC00519281,70.0
2016-11-08,USC00519397,71.0
2016-11-08,USC00516128,71.0
2016-11-09,USC00519281,68.0
2016-11-09,USC00513117,70.0
2016-11-09,USC00519523,75.0
2016-11-09,USC00514830,74.0
2016-11-09,USC00519397,71.0
2016-11-09,USC00516128,71.0
2016-11-09,USC00517948,76.0
2016-11-10,USC00516128,71.0
2016-11-10,USC00519523,72.0
2016-11-10,USC00519397,71.0
2016-11-10,USC00513117,69.0
2016-11-10,USC00519281,67.0
2016-11-10,USC00514830,75.0
2016-11-11,USC00519397,72.0
2016-11-11,USC00513117,71.0
2016-11-11,USC00516128,67.0
2016-11-11,USC00519523,73.0
2016-11-11,USC00519281,77.0
2016-11-11,USC00514830,77.0
2016-11-12,USC00519281,74.0
2016-11-12,USC00519397,71.0
2016-11-12,USC00514830,78.0
2016-11-12,USC00513117,68.0
2016-11-12,USC00519523,79.0
2016-11-12,USC00516128,73.0
2016-11-13,USC00519281,77.0
2016-11-13,USC00519523,79.0
2016-11-13,USC00516128,72.0
2016-11-13,USC00514830,78.0
2016-11-13,USC00519397,72.0
2016-11-13,USC00513117,72.0
2016-11-14,USC00519281,76.0
2016-11-14,USC00513117,76.0
2016-11-14,USC00519397,77.0
2016-11-14,USC00517948,79.0
2016-11-14,USC00514830,79.0
2016-11-14,USC00516128,74.0
2016-11-14,USC00519523,78.0
2016-11-15,USC00519397,77.0
2016-11-15,USC00516128,72.0
2016-11-15,USC00519523,77.0
2016-11-15,USC00519281,76.0
2016-11-15,USC00513117,78.0
2016-11-15,USC00517948,77.0
2016-11-15,USC00514830,77.0
2016-11-16,USC00513117,76.0
2016-11-16,USC00519281,75.0
2016-11-16,USC00519397,77.0
2016-11-16,USC00519523,77.0
2016-11-16,USC00516128,72.0
2016-11-16,USC00517948,77.0
2016-11-16,USC00514830,78.0
2016-11-17,USC00513117,75.0
2016-11-17,USC00517948,77.0
2016-11-17,USC00519523,77.0
2016-11-17,USC00516128,75.0
2016-11-17,USC00519397,77.0
2016-11-17,USC00514830,77.0
2016-11-17,USC00519281,76.0
2016-11-18,USC00519397,77.0
2016-11-18,USC00519523,77.0
2016-11-18,USC00519281,75.0
2016-11-18,USC00517948,75.0
2016-11-18,USC00513117,78.0
2016-11-19,USC00513117,73.0
2016-11-19,USC00519281,73.0
2016-11-19,USC00519397,75.0
2016-11-19,USC00519523,76.0
2016-11-20,USC00519523,80.0
2016-11-20,USC00519397,76.0
2016-11-20,USC00519281,75.0
2016-11-20,USC00513117,75.0
2016-11-20,USC00516128,74.0
2016-11-21,USC00517948,73.0
2016-11-21,USC00513117,75.0
2016-11-21,USC00519523,75.0
2016-11-21,USC00516128,71.0
2016-11-21,USC00519397,76.0
2016-11-21,USC00519281,73.0
2016-11-22,USC00514830,76.0
2016-11-22,USC00519397,75.0
2016-11-22,USC00517948,76.0
2016-11-22,USC00519281,75.0
2016-11-22,USC00513117,76.0
2016-11-22,USC00516128,73.0
2016-11-22,USC00519523,76.0
2016-11-23,USC00519523,75.0
2016-11-23,USC00519281,74.0
2016-11-23,USC00517948,77.0
2016-11-23,USC00513117,75.0
2016-11-23,USC00516128,69.0
2016-11-23,USC00519397,72.0
2016-11-24,USC00519281,75.0
2016-11-24,USC00516128,69.0
2016-11-24,USC00519523,75.0
2016-11-24,USC00519397,74.0
2016-11-24,USC00513117,75.0
2016-11-25,USC00514830,74.0
2016-11-25,USC00513117,76.0
2016-11-25,USC00519281,74.0
2016-11-25,USC00516128,69.0
2016-11-25,USC00519397,75.0
2016-11-25,USC00519523,76.0
2016-11-26,USC00519281,75.0
2016-11-26,USC00519397,73.0
2016-11-26,USC00513117,76.0
2016-11-26,USC00519523,78.0
2016-11-26,USC00516128,70.0
2016-11-26,USC00514830,78.0
2016-11-27,USC00513117,75.0
2016-11-27,USC00519397,76.0
2016-11-27,USC00516128,69.0
2016-11-27,USC00519281,73.0
2016-11-27,USC00514830,76.0
2016-11-27,USC00519523,78.0
2016-11-28,USC00519397,75.0
2016-11-28,USC00514830,76.0
2016-11-28,USC00519523,77.0
2016-11-28,USC00517948,76.0
2016-11-28,USC00516128,71.0
2016-11-28,USC00513117,75.0
2016-11-28,USC00519281,75.0
2016-11-29,USC00519281,73.0
2016-11-29,USC00519523,76.0
2016-11-29,USC00514830,75.0
2016-11-29,USC00513117,74.0
2016-11-29,USC00516128,67.0
2016-11-29,USC00517948,74.0
2016-11-29,USC00519397,68.0
2016-11-30,USC00519523,76.0
2016-11-30,USC00517948,75.0
2016-11-30,USC00519281,73.0
2016-11-30,USC00513117,74.0
2016-11-30,USC00519397,75.0
2016-11-30,USC00514830,76.0
2016-11-30,USC00516128,72.0
2016-12-01,USC00513117,73.0
2016-12-01,USC00519397,75.0
2016-12-01,USC00514830,75.0
2016-12-01,USC00516128,71.0
2016-12-01,USC00519523,76.0
2016-12-01,USC00517948,72.0
2016-12-01,USC00519281,74.0
2016-12-02,USC00519397,72.0
2016-12-02,USC00516128,71.0
2016-12-02,USC00519281,70.0
2016-12-02,USC00517948,70.0
2016-12-02,USC00514830,77.0
2016-12-02,USC00513117,71.0
2016-12-02,USC00519523,75.0
2016-12-03,USC00514830,75.0
2016-12-03,USC00516128,67.0
2016-12-03,USC00513117,71.0
2016-12-03,USC00519397,69.0
2016-12-03,USC00519281,72.0
2016-12-03,USC00519523,75.0
2016-12-04,USC00514830,77.0
2016-12-04,USC00519523,75.0
2016-12-04,USC00513117,69.0
2016-12-04,USC00519397,71.0
2016-12-04,USC00516128,76.0
2016-12-04,USC00519281,70.0
2016-12-05,USC00519523,70.0
2016-12-05,USC00519281,67.0
2016-12-05,USC00516128,67.0
2016-12-05,USC00519397,68.0
2016-12-05,USC00513117,68.0
2016-12-05,USC00517948,68.0
2016-12-05,USC00514830,76.0
2016-12-06,USC00516128,67.0
2016-12-06,USC00519523,70.0
2016-12-06,USC00519397,67.0
2016-12-06,USC00513117,70.0
2016-12-06,USC00517948,74.0
2016-12-06,USC00519281,67.0
2016-12-07,USC00519523,74.0
2016-12-07,USC00513117,71.0
2016-12-07,USC00516128,68.0
2016-12-07,USC00517948,71.0
2016-12-07,USC00519281,69.0
2016-12-07,USC00514830,76.0
2016-12-07,USC00519397,69.0
2016-12-08,USC00514830,75.0
2016-12-08,USC00519397,73.0
2016-12-08,USC00513117,72.0
2016-12-08,USC00517948,70.0
2016-12-08,USC00519281,70.0
2016-12-08,USC00519523,73.0
2016-12-08,USC00516128,71.0
2016-12-09,USC00516128,68.0
2016-12-09,USC00517948,70.0
2016-12-09,USC00513117,70.0
2016-12-09,USC00514830,72.0
2016-12-09,USC00519281,68.0
2016-12-09,USC00519397,70.0
2016-12-10,USC00516128,68.0
2016-12-10,USC00513117,71.0
2016-12-10,USC00519281,69.0
2016-12-10,USC00519523,72.0
2016-12-10,USC00519397,70.0
2016-12-10,USC00514830,76.0
2016-12-11,USC00519523,78.0
2016-12-11,USC00519281,69.0
2016-12-11,USC00519397,70.0
2016-12-11,USC00513117,72.0
2016-12-11,USC00516128,69.0
2016-12-12,USC00514830,75.0
2016-12-12,USC00519397,66.0
2016-12-12,USC00519281,66.0
2016-12-12,USC00513117,68.0
2016-12-12,USC00517948,70.0
2016-12-12,USC00519523,67.0
2016-12-12,USC00516128,65.0
2016-12-13,USC00513117,68.0
2016-12-13,USC00514830,72.0
2016-12-13,USC00519523,69.0
2016-12-13,USC00519397,67.0
2016-12-13,USC00517948,68.0
2016-12-13,USC00519281,65.0
2016-12-13,USC00516128,70.0
2016-12-14,USC00519523,71.0
2016-12-14,USC00519281,68.0
2016-12-14,USC00516128,69.0
2016-12-14,USC00514830,72.0
2016-12-14,USC00519397,70.0
2016-12-14,USC00513117,70.0
2016-12-14,USC00517948,68.0
2016-12-15,USC00513117,70.0
2016-12-15,USC00516128,64.0
2016-12-15,USC00519523,74.0
2016-12-15,USC00514830,75.0
2016-12-15,USC00519281,62.0
2016-12-15,USC00517948,68.0
2016-12-15,USC00519397,66.0
2016-12-16,USC00519523,63.0
2016-12-16,USC00514830,69.0
2016-12-16,USC00519397,62.0
2016-12-16,USC00513117,63.0
2016-12-16,USC00516128,60.0
2016-12-16,USC00517948,66.0
2016-12-16,USC00519281,75.0
2016-12-17,USC00514830,75.0
2016-12-17,USC00519281,70.0
2016-12-17,USC00519523,76.0
2016-12-17,USC00513117,71.0
2016-12-17,USC00519397,71.0
2016-12-18,USC00514830,74.0
2016-12-18,USC00516128,67.0
2016-12-18,USC00519523,76.0
2016-12-18,USC00519397,73.0
2016-12-18,USC00519281,69.0
2016-12-18,USC00513117,67.0
2016-12-19,USC00519523,71.0
2016-12-19,USC00516128,72.0
2016-12-19,USC00514830,78.0
2016-12-19,USC00517948,71.0
2016-12-19,USC00519281,76.0
2016-12-19,USC00513117,69.0
2016-12-19,USC00519397,69.0
2016-12-20,USC00517948,76.0
2016-12-20,USC00519281,76.0
2016-12-20,USC00513117,74.0
2016-12-20,USC00516128,73.0
2016-12-20,USC00519397,77.0
2016-12-20,USC00514830,77.0
2016-12-20,USC00519523,76.0
2016-12-21,USC00513117,72.0
2016-12-21,USC00519397,74.0
2016-12-21,USC00519523,77.0
2016-12-21,USC00519281,74.0
2016-12-21,USC00514830,76.0
2016-12-21,USC00517948,73.0
2016-12-21,USC00516128,70.0
2016-12-22,USC00519523,73.0
2016-12-22,USC00519281,73.0
2016-12-22,USC00513117,70.0
2016-12-22,USC00516128,68.0
2016-12-22,USC00519397,71.0
2016-12-22,USC00517948,70.0
2016-12-22,USC00514830,72.0
2016-12-23,USC00516128,69.0
2016-12-23,USC00519397,72.0
2016-12-23,USC00519523,71.0
2016-12-23,USC00513117,69.0
2016-12-23,USC00517948,68.0
2016-12-23,USC00519281,71.0
2016-12-23,USC00514830,73.0
2016-12-24,USC00514830,74.0
2016-12-24,USC00519281,74.0
2016-12-24,USC00513117,73.0
2016-12-24,USC00519523,78.0
2016-12-24,USC00516128,69.0
2016-12-24,USC00519397,74.0
2016-12-25,USC00519397,74.0
2016-12-25,USC00519523,78.0
2016-12-25,USC00513117,74.0
2016-12-25,USC00519281,74.0
2016-12-25,USC00516128,69.0
2016-12-26,USC00513117,74.0
2016-12-26,USC00519281,72.0
2016-12-26,USC00514830,74.0
2016-12-26,USC00519523,75.0
2016-12-26,USC00516128,71.0
2016-12-26,USC00519397,74.0
2016-12-27,USC00519281,71.0
2016-12-27,USC00513117,73.0
2016-12-27,USC00519523,75.0
2016-12-27,USC00514830,74.0
2016-12-27,USC00516128,71.0
2016-12-27,USC00519397,74.0
2016-12-28,USC00519397,71.0
2016-12-28,USC00519523,72.0
2016-12-28,USC00517948,71.0
2016-12-28,USC00514830,73.0
2016-12-28,USC00519281,72.0
2016-12-28,USC00513117,71.0
2016-12-28,USC00516128,71.0
2016-12-29,USC00519397,73.0
2016-12-29,USC00513117,72.0
2016-12-29,USC00514830,73.0
2016-12-29,USC00517948,71.0
2016-12-29,USC00519281,74.0
2016-12-29,USC00516128,69.0
2016-12-29,USC00519523,77.0
2016-12-30,USC00519523,72.0
2016-12-30,USC00519281,69.0
2016-12-30,USC00516128,65.0
2016-12-30,USC00514830,71.0
2016-12-30,USC00513117,69.0
2016-12-30,USC00519397,69.0
2016-12-30,USC00517948,68.0
2016-12-31,USC00514830,72.0
2016-12-31,USC00516128,65.0
2016-12-31,USC00519397,66.0
2016-12-31,USC00519281,67.0
2016-12-31,USC00513117,71.0
2017-01-01,USC00519397,62.0
2017-01-01,USC00519281,72.0
2017-01-01,USC00516128,68.0
2017-01-01,USC00519523,74.0
2017-01-01,USC00514830,74.0
2017-01-01,USC00513117,66.0
2017-01-02,USC00514830,74.0
2017-01-02,USC00519397,66.0
2017-01-02,USC00513117,66.0
2017-01-02,USC00516128,70.0
2017-01-02,USC00519281,70.0
2017-01-03,USC00516128,71.0
2017-01-03,USC00519523,73.0
2017-01-03,USC00519397,63.0
2017-01-03,USC00519281,64.0
2017-01-03,USC00514830,70.0
2017-01-03,USC00513117,65.0
2017-01-04,USC00519397,62.0
2017-01-04,USC00514830,71.0
2017-01-04,USC00519523,73.0
2017-01-04,USC00513117,64.0
2017-01-04,USC00516128,70.0
2017-01-04,USC00519281,63.0
2017-01-05,USC00513117,65.0
2017-01-05,USC00519397,63.0
2017-01-05,USC00516128,71.0
2017-01-05,USC00519281,63.0
2017-01-05,USC00519523,71.0
2017-01-05,USC00514830,72.0
2017-01-06,USC00514830,71.0
2017-01-06,USC00513117,70.0
2017-01-06,USC00519281,62.0
2017-01-06,USC00519397,64.0
2017-01-06,USC00519523,74.0
2017-01-06,USC00516128,65.0
2017-01-07,USC00513117,72.0
2017-01-07,USC00519397,66.0
2017-01-07,USC00519523,72.0
2017-01-07,USC00514830,71.0
2017-01-07,USC00516128,70.0
2017-01-07,USC00519281,70.0
2017-01-08,USC00514830,74.0
2017-01-08,USC00519523,74.0
2017-01-08,USC00519397,60.0
2017-01-08,USC00519281,70.0
2017-01-08,USC00516128,66.0
2017-01-08,USC00513117,62.0
2017-01-09,USC00514830,72.0
2017-01-09,USC00519397,64.0
2017-01-09,USC00513117,65.0
2017-01-09,USC00519281,62.0
2017-01-09,USC00516128,69.0
2017-01-09,USC00519523,77.0
2017-01-09,USC00517948,65.0
2017-01-10,USC00519281,62.0
2017-01-10,USC00513117,66.0
2017-01-10,USC00516128,64.0
2017-01-10,USC00519523,75.0
2017-01-10,USC00517948,65.0
2017-01-10,USC00519397,63.0
2017-01-10,USC00514830,72.0
2017-01-11,USC00519281,63.0
2017-01-11,USC00519397,78.0
2017-01-11,USC00514830,76.0
2017-01-11,USC00513117,66.0
2017-01-11,USC00517948,67.0
2017-01-11,USC00516128,66.0
2017-01-12,USC00519523,81.0
2017-01-12,USC00516128,68.0
2017-01-12,USC00519281,65.0
2017-01-12,USC00519397,67.0
2017-01-12,USC00517948,67.0
2017-01-12,USC00513117,67.0
2017-01-13,USC00519281,69.0
2017-01-13,USC00517948,68.0
2017-01-13,USC00516128,67.0
2017-01-13,USC00513117,70.0
2017-01-13,USC00519397,67.0
2017-01-13,USC00514830,75.0
2017-01-14,USC00513117,66.0
2017-01-14,USC00516128,70.0
2017-01-14,USC00519397,65.0
2017-01-14,USC00519281,77.0
2017-01-14,USC00514830,77.0
2017-01-15,USC00513117,67.0
2017-01-15,USC00516128,68.0
2017-01-15,USC00519523,78.0
2017-01-15,USC00519281,70.0
2017-01-15,USC00519397,66.0
2017-01-16,USC00519523,80.0
2017-01-16,USC00519281,74.0
2017-01-16,USC00519397,67.0
2017-01-16,USC00513117,69.0
2017-01-16,USC00516128,68.0
2017-01-16,USC00514830,76.0
2017-01-17,USC00517948,70.0
2017-01-17,USC00519281,69.0
2017-01-17,USC00519397,66.0
2017-01-17,USC00514830,75.0
2017-01-17,USC00513117,74.0
2017-01-17,USC00516128,69.0
2017-01-18,USC00519281,72.0
2017-01-18,USC00519523,75.0
2017-01-18,USC00517948,73.0
2017-01-18,USC00513117,73.0
2017-01-18,USC00514830,75.0
2017-01-18,USC00519397,72.0
2017-01-18,USC00516128,73.0
2017-01-19,USC00514830,77.0
2017-01-19,USC00519281,71.0
2017-01-19,USC00519397,73.0
2017-01-19,USC00519523,78.0
2017-01-19,USC00516128,71.0
2017-01-19,USC00513117,74.0
2017-01-19,USC00517948,66.0
2017-01-20,USC00514830,74.0
2017-01-20,USC00517948,70.0
2017-01-20,USC00516128,67.0
2017-01-20,USC00519523,73.0
2017-01-20,USC00513117,73.0
2017-01-20,USC00519281,69.0
2017-01-20,USC00519397,71.0
2017-01-21,USC00514830,73.0
2017-01-21,USC00516128,67.0
2017-01-21,USC00513117,72.0
2017-01-21,USC00519397,72.0
2017-01-21,USC00519281,71.0
2017-01-21,USC00519523,74.0
2017-01-22,USC00513117,71.0
2017-01-22,USC00519397,72.0
2017-01-22,USC00519523,74.0
2017-01-22,USC00516128,68.0
2017-01-22,USC00519281,71.0
2017-01-23,USC00514830,75.0
2017-01-23,USC00517948,77.0
2017-01-23,USC00519397,72.0
2017-01-23,USC00513117,71.0
2017-01-23,USC00519523,74.0
2017-01-23,USC00516128,70.0
2017-01-23,USC00519281,72.0
2017-01-24,USC00516128,67.0
2017-01-24,USC00517948,69.0
2017-01-24,USC00519281,72.0
2017-01-24,USC00513117,71.0
2017-01-24,USC00519397,69.0
2017-01-24,USC00519523,74.0
2017-01-25,USC00513117,73.0
2017-01-25,USC00514830,73.0
2017-01-25,USC00519281,69.0
2017-01-25,USC00519523,72.0
2017-01-25,USC00516128,69.0
2017-01-25,USC00519397,72.0
2017-01-25,USC00517948,69.0
2017-01-26,USC00519281,70.0
2017-01-26,USC00514830,74.0
2017-01-26,USC00516128,67.0
2017-01-26,USC00517948,70.0
2017-01-26,USC00519397,71.0
2017-01-26,USC00513117,72.0
2017-01-26,USC00519523,74.0
2017-01-27,USC00519523,74.0
2017-01-27,USC00519397,65.0
2017-01-27,USC00514830,74.0
2017-01-27,USC00513117,63.0
2017-01-27,USC00517948,65.0
2017-01-27,USC00519281,66.0
2017-01-27,USC00516128,69.0
2017-01-28,USC00514830,76.0
2017-01-28,USC00519397,64.0
2017-01-28,USC00513117,71.0
2017-01-28,USC00516128,64.0
2017-01-28,USC00519281,65.0
2017-01-29,USC00513117,71.0
2017-01-29,USC00516128,67.0
2017-01-29,USC00519523,73.0
2017-01-29,USC00519397,67.0
2017-01-29,USC00519281,69.0
2017-01-30,USC00516128,66.0
2017-01-30,USC00517948,68.0
2017-01-30,USC00519523,70.0
2017-01-30,USC00519281,68.0
2017-01-30,USC00519397,67.0
2017-01-30,USC00514830,71.0
2017-01-30,USC00513117,69.0
2017-01-31,USC00516128,65.0
2017-01-31,USC00519397,68.0
2017-01-31,USC00519523,70.0
2017-01-31,USC00519281,68.0
2017-01-31,USC00517948,68.0
2017-01-31,USC00513117,69.0
2017-01-31,USC00514830,70.0
2017-02-01,USC00514830,72.0
2017-02-01,USC00519397,70.0
2017-02-01,USC00519523,70.0
2017-02-01,USC00517948,62.0
2017-02-01,USC00516128,65.0
2017-02-01,USC00513117,69.0
2017-02-01,USC00519281,68.0
2017-02-02,USC00513117,63.0
2017-02-02,USC00519281,59.0
2017-02-02,USC00517948,70.0
2017-02-02,USC00516128,60.0
2017-02-02,USC00519523,64.0
2017-02-02,USC00519397,61.0
2017-02-02,USC00514830,72.0
2017-02-03,USC00519523,62.0
2017-02-03,USC00517948,72.0
2017-02-03,USC00519281,60.0
2017-02-03,USC00519397,65.0
2017-02-03,USC00514830,73.0
2017-02-03,USC00513117,64.0
2017-02-04,USC00519281,70.0
2017-02-04,USC00519523,76.0
2017-02-04,USC00513117,67.0
2017-02-04,USC00516128,66.0
2017-02-04,USC00519397,72.0
2017-02-05,USC00514830,80.0
2017-02-05,USC00513117,75.0
2017-02-05,USC00519281,73.0
2017-02-05,USC00519523,77.0
2017-02-05,USC00519397,73.0
2017-02-05,USC00516128,69.0
2017-02-06,USC00513117,74.0
2017-02-06,USC00514830,77.0
2017-02-06,USC00519281,75.0
2017-02-06,USC00519523,76.0
2017-02-06,USC00519397,76.0
2017-02-06,USC00517948,76.0
2017-02-06,USC00516128,73.0
2017-02-07,USC00514830,76.0
2017-02-07,USC00519281,64.0
2017-02-07,USC00516128,68.0
2017-02-07,USC00513117,67.0
2017-02-07,USC00519523,72.0
2017-02-07,USC00519397,64.0
2017-02-07,USC00517948,67.0
2017-02-08,USC00516128,68.0
2017-02-08,USC00513117,67.0
2017-02-08,USC00519281,59.0
2017-02-08,USC00519523,74.0
2017-02-08,USC00514830,67.0
2017-02-08,USC00519397,62.0
2017-02-08,USC00517948,64.0
2017-02-09,USC00516128,64.0
2017-02-09,USC00517948,64.0
2017-02-09,USC00513117,64.0
2017-02-09,USC00519281,59.0
2017-02-09,USC00519397,61.0
2017-02-09,USC00514830,71.0
2017-02-09,USC00519523,60.0
2017-02-10,USC00516128,70.0
2017-02-10,USC00513117,64.0
2017-02-10,USC00519397,71.0
2017-02-10,USC00519281,62.0
2017-02-10,USC00517948,64.0
2017-02-10,USC00514830,73.0
2017-02-10,USC00519523,74.0
2017-02-11,USC00519281,68.0
2017-02-11,USC00513117,65.0
2017-02-11,USC00519397,69.0
2017-02-11,USC00514830,69.0
2017-02-11,USC00516128,66.0
2017-02-11,USC00519523,70.0
2017-02-12,USC00519523,73.0
2017-02-12,USC00514830,76.0
2017-02-12,USC00516128,65.0
2017-02-12,USC00519397,68.0
2017-02-12,USC00519281,70.0
2017-02-12,USC00513117,67.0
2017-02-13,USC00516128,68.0
2017-02-13,USC00513117,69.0
2017-02-13,USC00519397,74.0
2017-02-13,USC00514830,80.0
2017-02-13,USC00519281,73.0
2017-02-13,USC00517948,77.0
2017-02-13,USC00519523,78.0
2017-02-14,USC00517948,76.0
2017-02-14,USC00519397,75.0
2017-02-14,USC00519281,79.0
2017-02-14,USC00513117,72.0
2017-02-14,USC00514830,79.0
2017-02-14,USC00516128,79.0
2017-02-15,USC00513117,76.0
2017-02-15,USC00517948,73.0
2017-02-15,USC00519523,76.0
2017-02-15,USC00514830,76.0
2017-02-15,USC00519281,75.0
2017-02-15,USC00516128,71.0
2017-02-15,USC00519397,75.0
2017-02-16,USC00514830,73.0
2017-02-16,USC00519523,72.0
2017-02-16,USC00517948,70.0
2017-02-16,USC00519397,71.0
2017-02-16,USC00519281,65.0
2017-02-16,USC00513117,74.0
2017-02-16,USC00516128,72.0
2017-02-17,USC00519523,75.0
2017-02-17,USC00513117,67.0
2017-02-17,USC00517948,69.0
2017-02-17,USC00514830,77.0
2017-02-17,USC00519397,71.0
2017-02-17,USC00519281,70.0
2017-02-18,USC00519397,68.0
2017-02-18,USC00519523,67.0
2017-02-18,USC00519281,74.0
2017-02-18,USC00513117,71.0
2017-02-18,USC00516128,72.0
2017-02-19,USC00513117,70.0
2017-02-19,USC00516128,68.0
2017-02-19,USC00519397,69.0
2017-02-19,USC00519281,70.0
2017-02-20,USC00519281,70.0
2017-02-20,USC00519397,71.0
2017-02-20,USC00516128,69.0
2017-02-20,USC00513117,71.0
2017-02-20,USC00514830,72.0
2017-02-20,USC00519523,71.0
2017-02-21,USC00519281,71.0
2017-02-21,USC00519397,70.0
2017-02-21,USC00514830,71.0
2017-02-21,USC00516128,65.0
2017-02-21,USC00517948,71.0
2017-02-21,USC00513117,70.0
2017-02-22,USC00519397,72.0
2017-02-22,USC00516128,69.0
2017-02-22,USC00517948,72.0
2017-02-22,USC00519281,71.0
2017-02-22,USC00514830,72.0
2017-02-22,USC00519523,72.0
2017-02-22,USC00513117,70.0
2017-02-23,USC00517948,72.0
2017-02-23,USC00516128,72.0
2017-02-23,USC00514830,75.0
2017-02-23,USC00519523,73.0
2017-02-23,USC00519281,71.0
2017-02-23,USC00513117,70.0
2017-02-23,USC00519397,74.0
2017-02-24,USC00516128,68.0
2017-02-24,USC00517948,68.0
2017-02-24,USC00519397,70.0
2017-02-24,USC00519281,69.0
2017-02-24,USC00513117,70.0
2017-02-24,USC00519523,70.0
2017-02-24,USC00514830,71.0
2017-02-25,USC00513117,63.0
2017-02-25,USC00516128,66.0
2017-02-25,USC00519397,64.0
2017-02-25,USC00519281,61.0
2017-02-26,USC00514830,75.0
2017-02-26,USC00513117,63.0
2017-02-26,USC00516128,64.0
2017-02-26,USC00519397,65.0
2017-02-26,USC00519523,67.0
2017-02-26,USC00519281,67.0
2017-02-27,USC00519397,72.0
2017-02-27,USC00519523,77.0
2017-02-27,USC00516128,69.0
2017-02-27,USC00514830,71.0
2017-02-27,USC00513117,66.0
2017-02-27,USC00517948,69.0
2017-02-27,USC00519281,65.0
2017-02-28,USC00519397,74.0
2017-02-28,USC00517948,72.0
2017-02-28,USC00516128,69.0
2017-02-28,USC00519281,72.0
2017-02-28,USC00513117,73.0
2017-02-28,USC00514830,73.0
2017-02-28,USC00519523,73.0
2017-03-01,USC00519523,73.0
2017-03-01,USC00519397,66.0
2017-03-01,USC00513117,72.0
2017-03-01,USC00519281,71.0
2017-03-01,USC00517948,66.0
2017-03-01,USC00514830,71.0
2017-03-01,USC00516128,64.0
2017-03-02,USC00513117,73.0
2017-03-02,USC00516128,72.0
2017-03-02,USC00519397,73.0
2017-03-02,USC00519523,75.0
2017-03-02,USC00517948,73.0
2017-03-02,USC00519281,73.0
2017-03-03,USC00519523,74.0
2017-03-03,USC00514830,73.0
2017-03-03,USC00519281,72.0
2017-03-03,USC00517948,70.0
2017-03-03,USC00519397,69.0
2017-03-03,USC00513117,73.0
2017-03-03,USC00516128,78.0
2017-03-04,USC00516128,70.0
2017-03-04,USC00519523,77.0
2017-03-04,USC00519281,77.0
2017-03-04,USC00513117,76.0
2017-03-04,USC00519397,74.0
2017-03-05,USC00516128,68.0
2017-03-05,USC00519281,73.0
2017-03-05,USC00513117,70.0
2017-03-05,USC00519397,71.0
2017-03-06,USC00514830,74.0
2017-03-06,USC00516128,76.0
2017-03-06,USC00517948,67.0
2017-03-06,USC00519523,69.0
2017-03-06,USC00519281,67.0
2017-03-06,USC00519397,69.0
2017-03-06,USC00513117,66.0
2017-03-07,USC00514830,74.0
2017-03-07,USC00519281,62.0
2017-03-07,USC00513117,65.0
2017-03-07,USC00517948,67.0
2017-03-07,USC00516128,72.0
2017-03-07,USC00519397,68.0
2017-03-08,USC00513117,70.0
2017-03-08,USC00519281,64.0
2017-03-08,USC00514830,74.0
2017-03-08,USC00516128,68.0
2017-03-08,USC00519397,71.0
2017-03-08,USC00517948,67.0
2017-03-09,USC00519523,70.0
2017-03-09,USC00516128,72.0
2017-03-09,USC00519281,67.0
2017-03-09,USC00517948,68.0
2017-03-09,USC00514830,69.0
2017-03-09,USC00519397,72.0
2017-03-09,USC00513117,67.0
2017-03-10,USC00514830,75.0
2017-03-10,USC00519523,69.0
2017-03-10,USC00517948,68.0
2017-03-10,USC00519397,68.0
2017-03-10,USC00513117,68.0
2017-03-10,USC00519281,66.0
2017-03-10,USC00516128,65.0
2017-03-11,USC00519523,81.0
2017-03-11,USC00516128,82.0
2017-03-11,USC00519397,71.0
2017-03-11,USC00519281,81.0
2017-03-11,USC00513117,68.0
2017-03-12,USC00514830,80.0
2017-03-12,USC00519523,74.0
2017-03-12,USC00519281,69.0
2017-03-12,USC00513117,70.0
2017-03-12,USC00519397,74.0
2017-03-13,USC00516128,69.0
2017-03-13,USC00519523,69.0
2017-03-13,USC00513117,70.0
2017-03-13,USC00517948,69.0
2017-03-13,USC00519397,71.0
2017-03-13,USC00514830,77.0
2017-03-13,USC00519281,66.0
2017-03-14,USC00513117,70.0
2017-03-14,USC00519397,71.0
2017-03-14,USC00519281,67.0
2017-03-14,USC00517948,73.0
2017-03-14,USC00514830,77.0
2017-03-14,USC00516128,75.0
2017-03-14,USC00519523,74.0
2017-03-15,USC00519523,71.0
2017-03-15,USC00517948,75.0
2017-03-15,USC00519397,71.0
2017-03-15,USC00516128,76.0
2017-03-15,USC00513117,71.0
2017-03-15,USC00519281,69.0
2017-03-16,USC00519523,69.0
2017-03-16,USC00513117,69.0
2017-03-16,USC00514830,77.0
2017-03-16,USC00519281,66.0
2017-03-16,USC00516128,77.0
2017-03-16,USC00517948,71.0
2017-03-16,USC00519397,70.0
2017-03-17,USC00517948,72.0
2017-03-17,USC00519397,72.0
2017-03-17,USC00514830,72.0
2017-03-17,USC00513117,69.0
2017-03-17,USC00519523,70.0
2017-03-17,USC00519281,68.0
2017-03-18,USC00516128,70.0
2017-03-18,USC00513117,67.0
2017-03-18,USC00519397,69.0
2017-03-18,USC00514830,76.0
2017-03-18,USC00519523,74.0
2017-03-18,USC00519281,65.0
2017-03-19,USC00516128,74.0
2017-03-19,USC00519523,74.0
2017-03-19,USC00519397,73.0
2017-03-19,USC00513117,72.0
2017-03-19,USC00519281,74.0
2017-03-20,USC00519281,69.0
2017-03-20,USC00514830,77.0
2017-03-20,USC00519523,75.0
2017-03-20,USC00519397,75.0
2017-03-20,USC00513117,72.0
2017-03-20,USC00516128,74.0
2017-03-21,USC00514830,76.0
2017-03-21,USC00516128,72.0
2017-03-21,USC00513117,73.0
2017-03-21,USC00519281,72.0
2017-03-21,USC00519523,75.0
2017-03-21,USC00519397,75.0
2017-03-22,USC00519281,73.0
2017-03-22,USC00514830,76.0
2017-03-22,USC00519523,75.0
2017-03-22,USC00519397,74.0
2017-03-22,USC00516128,72.0
2017-03-22,USC00513117,74.0
2017-03-23,USC00513117,74.0
2017-03-23,USC00519523,75.0
2017-03-23,USC00519397,70.0
2017-03-23,USC00514830,78.0
2017-03-23,USC00516128,70.0
2017-03-23,USC00519281,72.0
2017-03-24,USC00513117,72.0
2017-03-24,USC00516128,70.0
2017-03-24,USC00519397,73.0
2017-03-24,USC00519281,71.0
2017-03-24,USC00519523,76.0
2017-03-24,USC00514830,75.0
2017-03-25,USC00519523,75.0
2017-03-25,USC00513117,72.0
2017-03-25,USC00519397,76.0
2017-03-25,USC00519281,76.0
2017-03-25,USC00516128,72.0
2017-03-26,USC00519523,80.0
2017-03-26,USC00519397,76.0
2017-03-26,USC00513117,75.0
2017-03-26,USC00519281,77.0
2017-03-26,USC00516128,72.0
2017-03-27,USC00516128,74.0
2017-03-27,USC00519281,76.0
2017-03-27,USC00514830,78.0
2017-03-27,USC00519397,75.0
2017-03-27,USC00513117,74.0
2017-03-27,USC00519523,76.0
2017-03-28,USC00513117,75.0
2017-03-28,USC00514830,78.0
2017-03-28,USC00519281,74.0
2017-03-28,USC00516128,69.0
2017-03-28,USC00519523,76.0
2017-03-28,USC00517948,73.0
2017-03-28,USC00519397,77.0
2017-03-29,USC00519281,68.0
2017-03-29,USC00519397,76.0
2017-03-29,USC00514830,77.0
2017-03-29,USC00513117,73.0
2017-03-29,USC00519523,74.0
2017-03-29,USC00517948,74.0
2017-03-29,USC00516128,69.0
2017-03-30,USC00519397,77.0
2017-03-30,USC00519523,78.0
2017-03-30,USC00519281,73.0
2017-03-30,USC00514830,78.0
2017-03-30,USC00513117,74.0
2017-03-30,USC00517948,77.0
2017-03-31,USC00514830,77.0
2017-03-31,USC00519523,75.0
2017-03-31,USC00516128,76.0
2017-03-31,USC00517948,78.0
2017-03-31,USC00519397,76.0
2017-03-31,USC00513117,74.0
2017-03-31,USC00519281,71.0
2017-04-01,USC00519397,76.0
2017-04-01,USC00513117,76.0
2017-04-01,USC00514830,78.0
2017-04-01,USC00516128,69.0
2017-04-01,USC00519523,80.0
2017-04-01,USC00519281,74.0
2017-04-02,USC00519397,76.0
2017-04-02,USC00516128,71.0
2017-04-02,USC00519523,79.0
2017-04-02,USC00513117,74.0
2017-04-02,USC00514830,77.0
2017-04-02,USC00519281,75.0
2017-04-03,USC00516128,73.0
2017-04-03,USC00513117,73.0
2017-04-03,USC00519397,77.0
2017-04-03,USC00517948,75.0
2017-04-03,USC00514830,77.0
2017-04-03,USC00519523,76.0
2017-04-03,USC00519281,70.0
2017-04-04,USC00519281,67.0
2017-04-04,USC00519397,76.0
2017-04-04,USC00516128,75.0
2017-04-04,USC00513117,72.0
2017-04-04,USC00514830,76.0
2017-04-04,USC00517948,75.0
2017-04-04,USC00519523,78.0
2017-04-05,USC00519397,78.0
2017-04-05,USC00519523,77.0
2017-04-05,USC00519281,71.0
2017-04-05,USC00517948,73.0
2017-04-05,USC00513117,72.0
2017-04-05,USC00516128,69.0
2017-04-05,USC00514830,77.0
2017-04-06,USC00514830,76.0
2017-04-06,USC00519397,77.0
2017-04-06,USC00517948,73.0
2017-04-06,USC00519281,67.0
2017-04-06,USC00513117,73.0
2017-04-06,USC00516128,72.0
2017-04-06,USC00519523,76.0
2017-04-07,USC00513117,74.0
2017-04-07,USC00514830,76.0
2017-04-07,USC00519281,74.0
2017-04-07,USC00519397,77.0
2017-04-07,USC00519523,78.0
2017-04-07,USC00517948,76.0
2017-04-08,USC00516128,76.0
2017-04-08,USC00513117,73.0
2017-04-08,USC00519281,77.0
2017-04-08,USC00519397,77.0
2017-04-09,USC00519397,72.0
2017-04-09,USC00513117,69.0
2017-04-09,USC00519523,74.0
2017-04-09,USC00519281,78.0
2017-04-09,USC00516128,70.0
2017-04-09,USC00514830,77.0
2017-04-10,USC00519523,75.0
2017-04-10,USC00517948,75.0
2017-04-10,USC00516128,72.0
2017-04-10,USC00514830,79.0
2017-04-10,USC00513117,71.0
2017-04-10,USC00519397,75.0
2017-04-10,USC00519281,67.0
2017-04-11,USC00519523,82.0
2017-04-11,USC00516128,71.0
2017-04-11,USC00519281,70.0
2017-04-11,USC00513117,75.0
2017-04-11,USC00514830,77.0
2017-04-11,USC00517948,76.0
2017-04-11,USC00519397,79.0
2017-04-12,USC00516128,70.0
2017-04-12,USC00514830,77.0
2017-04-12,USC00519397,78.0
2017-04-12,USC00517948,74.0
2017-04-12,USC00513117,74.0
2017-04-12,USC00519281,69.0
2017-04-12,USC00519523,80.0
2017-04-13,USC00519397,77.0
2017-04-13,USC00519281,69.0
2017-04-13,USC00517948,76.0
2017-04-13,USC00514830,77.0
2017-04-13,USC00513117,71.0
2017-04-13,USC00516128,73.0
2017-04-13,USC00519523,79.0
2017-04-14,USC00514830,77.0
2017-04-14,USC00516128,72.0
2017-04-14,USC00519281,74.0
2017-04-14,USC00519397,75.0
2017-04-14,USC00513117,70.0
2017-04-14,USC00519523,75.0
2017-04-15,USC00519523,79.0
2017-04-15,USC00519397,73.0
2017-04-15,USC00513117,70.0
2017-04-15,USC00519281,78.0
2017-04-15,USC00516128,70.0
2017-04-16,USC00519523,74.0
2017-04-16,USC00513117,69.0
2017-04-16,USC00519281,71.0
2017-04-16,USC00516128,71.0
2017-04-16,USC00519397,74.0
2017-04-17,USC00513117,69.0
2017-04-17,USC00519281,67.0
2017-04-17,USC00519523,71.0
2017-04-17,USC00519397,74.0
2017-04-17,USC00516128,69.0
2017-04-17,USC00514830,69.0
2017-04-17,USC00517948,72.0
2017-04-18,USC00513117,70.0
2017-04-18,USC00516128,71.0
2017-04-18,USC00519281,68.0
2017-04-18,USC00519523,76.0
2017-04-18,USC00514830,76.0
2017-04-18,USC00517948,75.0
2017-04-18,USC00519397,75.0
2017-04-19,USC00519523,74.0
2017-04-19,USC00513117,70.0
2017-04-19,USC00517948,76.0
2017-04-19,USC00514830,83.0
2017-04-19,USC00516128,71.0
2017-04-19,USC00519281,67.0
2017-04-19,USC00519397,74.0
2017-04-20,USC00513117,75.0
2017-04-20,USC00519281,76.0
2017-04-20,USC00517948,75.0
2017-04-20,USC00516128,69.0
2017-04-20,USC00519523,76.0
2017-04-20,USC00519397,78.0
2017-04-20,USC00514830,74.0
2017-04-21,USC00519523,70.0
2017-04-21,USC00513117,70.0
2017-04-21,USC00519397,73.0
2017-04-21,USC00517948,74.0
2017-04-21,USC00519281,69.0
2017-04-21,USC00516128,70.0
2017-04-21,USC00514830,70.0
2017-04-22,USC00513117,74.0
2017-04-22,USC00516128,73.0
2017-04-22,USC00519281,72.0
2017-04-22,USC00519397,76.0
2017-04-22,USC00514830,74.0
2017-04-23,USC00519397,77.0
2017-04-23,USC00513117,75.0
2017-04-23,USC00519281,76.0
2017-04-23,USC00516128,70.0
2017-04-24,USC00517948,78.0
2017-04-24,USC00514830,79.0
2017-04-24,USC00519523,80.0
2017-04-24,USC00519397,77.0
2017-04-24,USC00519281,68.0
2017-04-24,USC00513117,76.0
2017-04-24,USC00516128,75.0
2017-04-25,USC00516128,74.0
2017-04-25,USC00513117,75.0
2017-04-25,USC00519281,72.0
2017-04-25,USC00519523,76.0
2017-04-25,USC00517948,78.0
2017-04-25,USC00514830,77.0
2017-04-25,USC00519397,77.0
2017-04-26,USC00519523,81.0
2017-04-26,USC00516128,77.0
2017-04-26,USC00514830,78.0
2017-04-26,USC00519397,77.0
2017-04-26,USC00519281,74.0
2017-04-26,USC00513117,78.0
2017-04-27,USC00513117,73.0
2017-04-27,USC00514830,78.0
2017-04-27,USC00516128,76.0
2017-04-27,USC00519281,70.0
2017-04-27,USC00519397,78.0
2017-04-27,USC00519523,76.0
2017-04-27,USC00517948,78.0
2017-04-28,USC00519397,76.0
2017-04-28,USC00513117,70.0
2017-04-28,USC00519523,76.0
2017-04-28,USC00517948,76.0
2017-04-28,USC00516128,71.0
2017-04-28,USC00514830,77.0
2017-04-28,USC00519281,67.0
2017-04-29,USC00516128,68.0
2017-04-29,USC00519281,72.0
2017-04-29,USC00519397,72.0
2017-04-29,USC00513117,66.0
2017-04-29,USC00514830,71.0
2017-04-29,USC00519523,70.0
2017-04-30,USC00514830,63.0
2017-04-30,USC00519523,64.0
2017-04-30,USC00519397,63.0
2017-04-30,USC00516128,58.0
2017-04-30,USC00513117,61.0
2017-04-30,USC00519281,60.0
2017-05-01,USC00519397,75.0
2017-05-01,USC00514830,78.0
2017-05-01,USC00516128,73.0
2017-05-01,USC00519523,73.0
2017-05-01,USC00513117,68.0
2017-05-01,USC00519281,65.0
2017-05-02,USC00519523,78.0
2017-05-02,USC00519281,75.0
2017-05-02,USC00516128,79.0
2017-05-02,USC00519397,78.0
2017-05-02,USC00514830,76.0
2017-05-02,USC00513117,73.0
2017-05-03,USC00519281,70.0
2017-05-03,USC00519397,78.0
2017-05-03,USC00519523,78.0
2017-05-03,USC00514830,78.0
2017-05-03,USC00513117,74.0
2017-05-04,USC00519397,78.0
2017-05-04,USC00516128,74.0
2017-05-04,USC00514830,77.0
2017-05-04,USC00519281,75.0
2017-05-04,USC00519523,77.0
2017-05-04,USC00513117,77.0
2017-05-05,USC00513117,78.0
2017-05-05,USC00519397,79.0
2017-05-05,USC00514830,78.0
2017-05-05,USC00519281,70.0
2017-05-05,USC00516128,74.0
2017-05-05,USC00519523,79.0
2017-05-06,USC00514830,78.0
2017-05-06,USC00519397,79.0
2017-05-06,USC00519281,79.0
2017-05-06,USC00513117,75.0
2017-05-06,USC00519523,80.0
2017-05-06,USC00516128,74.0
2017-05-07,USC00516128,70.0
2017-05-07,USC00513117,75.0
2017-05-07,USC00519397,79.0
2017-05-07,USC00519523,78.0
2017-05-07,USC00519281,75.0
2017-05-08,USC00513117,71.0
2017-05-08,USC00519523,80.0
2017-05-08,USC00514830,73.0
2017-05-08,USC00519397,77.0
2017-05-08,USC00519281,70.0
2017-05-08,USC00516128,66.0
2017-05-09,USC00516128,72.0
2017-05-09,USC00514830,79.0
2017-05-09,USC00519523,75.0
2017-05-09,USC00513117,74.0
2017-05-09,USC00519281,67.0
2017-05-10,USC00514830,76.0
2017-05-10,USC00513117,75.0
2017-05-10,USC00519523,76.0
2017-05-10,USC00519281,74.0
2017-05-10,USC00516128,72.0
2017-05-10,USC00519397,78.0
2017-05-11,USC00513117,74.0
2017-05-11,USC00519281,70.0
2017-05-11,USC00516128,78.0
2017-05-11,USC00519397,78.0
2017-05-11,USC00519523,78.0
2017-05-12,USC00513117,74.0
2017-05-12,USC00519523,77.0
2017-05-12,USC00519397,79.0
2017-05-12,USC00514830,78.0
2017-05-12,USC00519281,75.0
2017-05-12,USC00516128,70.0
2017-05-13,USC00519523,76.0
2017-05-13,USC00519397,79.0
2017-05-13,USC00513117,75.0
2017-05-13,USC00519281,76.0
2017-05-13,USC00516128,71.0
2017-05-14,USC00513117,75.0
2017-05-14,USC00516128,70.0
2017-05-14,USC00519397,77.0
2017-05-14,USC00519523,78.0
2017-05-14,USC00519281,77.0
2017-05-15,USC00519397,78.0
2017-05-15,USC00519523,77.0
2017-05-15,USC00516128,72.0
2017-05-15,USC00514830,77.0
2017-05-15,USC00519281,74.0
2017-05-15,USC00513117,75.0
2017-05-16,USC00519281,74.0
2017-05-16,USC00513117,75.0
2017-05-16,USC00514830,77.0
2017-05-16,USC00519397,78.0
2017-05-16,USC00516128,71.0
2017-05-16,USC00519523,76.0
2017-05-17,USC00519397,78.0
2017-05-17,USC00514830,78.0
2017-05-17,USC00516128,71.0
2017-05-17,USC00513117,75.0
2017-05-17,USC00519523,77.0
2017-05-17,USC00519281,74.0
2017-05-18,USC00519281,69.0
2017-05-18,USC00516128,69.0
2017-05-18,USC00514830,78.0
2017-05-18,USC00519523,71.0
2017-05-18,USC00519397,73.0
2017-05-18,USC00513117,70.0
2017-05-19,USC00519281,68.0
2017-05-19,USC00514830,79.0
2017-05-19,USC00519397,76.0
2017-05-19,USC00513117,70.0
2017-05-20,USC00519397,78.0
2017-05-20,USC00516128,70.0
2017-05-20,USC00514830,79.0
2017-05-20,USC00519281,76.0
2017-05-20,USC00513117,72.0
2017-05-20,USC00519523,79.0
2017-05-21,USC00519281,74.0
2017-05-21,USC00519397,76.0
2017-05-21,USC00513117,72.0
2017-05-21,USC00519523,80.0
2017-05-21,USC00516128,69.0
2017-05-22,USC00519281,71.0
2017-05-22,USC00519523,76.0
2017-05-22,USC00519397,77.0
2017-05-22,USC00514830,79.0
2017-05-22,USC00516128,72.0
2017-05-22,USC00513117,76.0
2017-05-23,USC00516128,69.0
2017-05-23,USC00519523,76.0
2017-05-23,USC00513117,73.0
2017-05-23,USC00514830,78.0
2017-05-23,USC00519281,71.0
2017-05-23,USC00519397,87.0
2017-05-24,USC00519523,76.0
2017-05-24,USC00519281,74.0
2017-05-24,USC00519397,77.0
2017-05-24,USC00513117,75.0
2017-05-24,USC00516128,70.0
2017-05-24,USC00514830,76.0
2017-05-25,USC00513117,69.0
2017-05-25,USC00519523,75.0
2017-05-25,USC00514830,79.0
2017-05-25,USC00516128,75.0
2017-05-25,USC00519281,74.0
2017-05-25,USC00519397,77.0
2017-05-26,USC00519281,74.0
2017-05-26,USC00519523,77.0
2017-05-26,USC00514830,79.0
2017-05-26,USC00513117,73.0
2017-05-26,USC00516128,72.0
2017-05-27,USC00519523,79.0
2017-05-27,USC00513117,69.0
2017-05-27,USC00516128,72.0
2017-05-27,USC00519397,74.0
2017-05-27,USC00514830,79.0
2017-05-27,USC00519281,74.0
2017-05-28,USC00519523,82.0
2017-05-28,USC00516128,73.0
2017-05-28,USC00519397,76.0
2017-05-28,USC00513117,71.0
2017-05-28,USC00519281,80.0
2017-05-28,USC00514830,77.0
2017-05-29,USC00514830,79.0
2017-05-29,USC00519397,75.0
2017-05-29,USC00513117,71.0
2017-05-29,USC00519281,74.0
2017-05-29,USC00519523,80.0
2017-05-30,USC00516128,72.0
2017-05-30,USC00519523,78.0
2017-05-30,USC00514830,81.0
2017-05-30,USC00519397,76.0
2017-05-30,USC00519281,72.0
2017-05-30,USC00513117,74.0
2017-05-31,USC00519281,75.0
2017-05-31,USC00513117,76.0
2017-05-31,USC00519397,79.0
2017-05-31,USC00514830,81.0
2017-05-31,USC00519523,79.0
2017-06-01,USC00516128,74.0
2017-06-01,USC00519397,79.0
2017-06-01,USC00513117,76.0
2017-06-01,USC00519281,80.0
2017-06-01,USC00514830,81.0
2017-06-01,USC00519523,79.0
2017-06-02,USC00513117,76.0
2017-06-02,USC00514830,78.0
2017-06-02,USC00519281,76.0
2017-06-02,USC00519397,79.0
2017-06-02,USC00517948,79.0
2017-06-02,USC00519523,81.0
2017-06-03,USC00516128,74.0
2017-06-03,USC00513117,76.0
2017-06-03,USC00519281,76.0
2017-06-03,USC00519523,79.0
2017-06-03,USC00519397,79.0
2017-06-03,USC00514830,80.0
2017-06-04,USC00516128,77.0
2017-06-04,USC00519397,79.0
2017-06-04,USC00514830,79.0
2017-06-04,USC00513117,78.0
2017-06-04,USC00519281,77.0
2017-06-04,USC00519523,81.0
2017-06-05,USC00513117,76.0
2017-06-05,USC00514830,81.0
2017-06-05,USC00519281,75.0
2017-06-05,USC00516128,74.0
2017-06-05,USC00519523,78.0
2017-06-05,USC00517948,78.0
2017-06-05,USC00519397,80.0
2017-06-06,USC00519397,79.0
2017-06-06,USC00519281,75.0
2017-06-06,USC00516128,74.0
2017-06-06,USC00517948,80.0
2017-06-06,USC00514830,80.0
2017-06-06,USC00519523,78.0
2017-06-06,USC00513117,75.0
2017-06-07,USC00513117,75.0
2017-06-07,USC00519281,75.0
2017-06-07,USC00517948,80.0
2017-06-07,USC00519397,79.0
2017-06-07,USC00519523,78.0
2017-06-07,USC00514830,81.0
2017-06-07,USC00516128,79.0
2017-06-08,USC00519281,75.0
2017-06-08,USC00513117,76.0
2017-06-08,USC00519523,77.0
2017-06-08,USC00514830,79.0
2017-06-08,USC00517948,78.0
2017-06-08,USC00516128,75.0
2017-06-08,USC00519397,80.0
2017-06-09,USC00513117,78.0
2017-06-09,USC00517948,80.0
2017-06-09,USC00514830,81.0
2017-06-09,USC00519281,72.0
2017-06-09,USC00519523,78.0
2017-06-09,USC00519397,80.0
2017-06-10,USC00519397,77.0
2017-06-10,USC00513117,75.0
2017-06-10,USC00514830,78.0
2017-06-10,USC00519523,75.0
2017-06-10,USC00519281,74.0
2017-06-10,USC00516128,72.0
2017-06-11,USC00516128,76.0
2017-06-11,USC00513117,73.0
2017-06-11,USC00514830,79.0
2017-06-11,USC00519523,81.0
2017-06-11,USC00519397,79.0
2017-06-11,USC00519281,74.0
2017-06-12,USC00519281,74.0
2017-06-12,USC00513117,76.0
2017-06-12,USC00516128,74.0
2017-06-12,USC00514830,79.0
2017-06-12,USC00519523,80.0
2017-06-12,USC00519397,83.0
2017-06-13,USC00513117,76.0
2017-06-13,USC00519281,76.0
2017-06-13,USC00514830,75.0
2017-06-13,USC00519523,77.0
2017-06-13,USC00519397,80.0
2017-06-13,USC00516128,73.0
2017-06-13,USC00517948,81.0
2017-06-14,USC00517948,78.0
2017-06-14,USC00513117,76.0
2017-06-14,USC00519397,80.0
2017-06-14,USC00519281,74.0
2017-06-14,USC00519523,80.0
2017-06-14,USC00514830,79.0
2017-06-14,USC00516128,74.0
2017-06-15,USC00519281,75.0
2017-06-15,USC00517948,77.0
2017-06-15,USC00519523,78.0
2017-06-15,USC00513117,77.0
2017-06-15,USC00516128,77.0
2017-06-15,USC00514830,78.0
2017-06-15,USC00519397,78.0
2017-06-16,USC00514830,80.0
2017-06-16,USC00519281,73.0
2017-06-16,USC00513117,76.0
2017-06-16,USC00519397,79.0
2017-06-16,USC00519523,80.0
2017-06-16,USC00517948,78.0
2017-06-16,USC00516128,74.0
2017-06-17,USC00519397,80.0
2017-06-17,USC00516128,72.0
2017-06-17,USC00513117,77.0
2017-06-17,USC00519281,79.0
2017-06-17,USC00514830,78.0
2017-06-17,USC00519523,77.0
2017-06-18,USC00514830,77.0
2017-06-18,USC00519523,78.0
2017-06-18,USC00519281,75.0
2017-06-18,USC00516128,77.0
2017-06-18,USC00513117,72.0
2017-06-18,USC00519397,77.0
2017-06-19,USC00519397,80.0
2017-06-19,USC00517948,78.0
2017-06-19,USC00514830,78.0
2017-06-19,USC00516128,76.0
2017-06-19,USC00519523,78.0
2017-06-19,USC00513117,77.0
2017-06-19,USC00519281,72.0
2017-06-20,USC00517948,77.0
2017-06-20,USC00519281,72.0
2017-06-20,USC00519397,78.0
2017-06-20,USC00516128,74.0
2017-06-20,USC00514830,79.0
2017-06-20,USC00513117,75.0
2017-06-21,USC00516128,75.0
2017-06-21,USC00517948,76.0
2017-06-21,USC00519397,79.0
2017-06-21,USC00519281,74.0
2017-06-21,USC00513117,82.0
2017-06-21,USC00519523,80.0
2017-06-22,USC00517948,81.0
2017-06-22,USC00519281,72.0
2017-06-22,USC00513117,77.0
2017-06-22,USC00519523,80.0
2017-06-22,USC00516128,76.0
2017-06-22,USC00519397,80.0
2017-06-23,USC00519523,79.0
2017-06-23,USC00519397,78.0
2017-06-23,USC00517948,76.0
2017-06-23,USC00514830,76.0
2017-06-23,USC00516128,71.0
2017-06-23,USC00519281,72.0
2017-06-23,USC00513117,76.0
2017-06-24,USC00513117,74.0
2017-06-24,USC00516128,73.0
2017-06-24,USC00519281,77.0
2017-06-24,USC00519523,82.0
2017-06-24,USC00519397,80.0
2017-06-25,USC00519281,71.0
2017-06-25,USC00513117,73.0
2017-06-25,USC00516128,79.0
2017-06-25,USC00519523,80.0
2017-06-25,USC00519397,80.0
2017-06-26,USC00519523,81.0
2017-06-26,USC00519281,73.0
2017-06-26,USC00514830,80.0
2017-06-26,USC00519397,81.0
2017-06-26,USC00517948,82.0
2017-06-26,USC00513117,77.0
2017-06-26,USC00516128,79.0
2017-06-27,USC00519281,76.0
2017-06-27,USC00513117,77.0
2017-06-27,USC00516128,74.0
2017-06-27,USC00517948,80.0
2017-06-27,USC00519397,80.0
2017-06-27,USC00519523,81.0
2017-06-28,USC00513117,77.0
2017-06-28,USC00519523,79.0
2017-06-28,USC00519397,79.0
2017-06-28,USC00519281,77.0
2017-06-28,USC00517948,80.0
2017-06-28,USC00516128,74.0
2017-06-29,USC00516128,76.0
2017-06-29,USC00519523,78.0
2017-06-29,USC00519397,79.0
2017-06-29,USC00513117,76.0
2017-06-29,USC00517948,79.0
2017-06-29,USC00519281,76.0
2017-06-29,USC00514830,76.0
2017-06-30,USC00519397,75.0
2017-06-30,USC00513117,74.0
2017-06-30,USC00519523,75.0
2017-06-30,USC00514830,81.0
2017-06-30,USC00519281,76.0
2017-06-30,USC00516128,75.0
2017-06-30,USC00517948,74.0
2017-07-01,USC00519281,79.0
2017-07-01,USC00513117,76.0
2017-07-01,USC00519397,80.0
2017-07-01,USC00516128,74.0
2017-07-02,USC00516128,78.0
2017-07-02,USC00519281,81.0
2017-07-02,USC00519397,80.0
2017-07-02,USC00519523,80.0
2017-07-02,USC00513117,77.0
2017-07-03,USC00514830,81.0
2017-07-03,USC00519281,76.0
2017-07-03,USC00517948,87.0
2017-07-03,USC00519397,78.0
2017-07-03,USC00519523,81.0
2017-07-03,USC00513117,77.0
2017-07-03,USC00516128,77.0
2017-07-04,USC00519397,80.0
2017-07-04,USC00519281,78.0
2017-07-04,USC00513117,77.0
2017-07-04,USC00516128,77.0
2017-07-05,USC00519397,80.0
2017-07-05,USC00516128,75.0
2017-07-05,USC00517948,80.0
2017-07-05,USC00519281,77.0
2017-07-05,USC00513117,77.0
2017-07-05,USC00514830,81.0
2017-07-05,USC00519523,80.0
2017-07-06,USC00517948,79.0
2017-07-06,USC00519397,81.0
2017-07-06,USC00516128,74.0
2017-07-06,USC00519523,79.0
2017-07-06,USC00513117,76.0
2017-07-06,USC00519281,74.0
2017-07-07,USC00519397,79.0
2017-07-07,USC00519281,75.0
2017-07-07,USC00517948,79.0
2017-07-07,USC00514830,77.0
2017-07-07,USC00519523,79.0
2017-07-07,USC00516128,74.0
2017-07-07,USC00513117,77.0
2017-07-08,USC00516128,71.0
2017-07-08,USC00519397,80.0
2017-07-08,USC00514830,81.0
2017-07-08,USC00519281,78.0
2017-07-08,USC00513117,76.0
2017-07-08,USC00519523,77.0
2017-07-09,USC00513117,76.0
2017-07-09,USC00519523,82.0
2017-07-09,USC00519281,78.0
2017-07-09,USC00519397,80.0
2017-07-09,USC00514830,82.0
2017-07-09,USC00516128,78.0
2017-07-10,USC00519397,80.0
2017-07-10,USC00517948,78.0
2017-07-10,USC00519281,69.0
2017-07-10,USC00513117,79.0
2017-07-10,USC00514830,80.0
2017-07-10,USC00516128,77.0
2017-07-10,USC00519523,82.0
2017-07-11,USC00513117,76.0
2017-07-11,USC00519281,72.0
2017-07-11,USC00516128,74.0
2017-07-11,USC00519397,78.0
2017-07-11,USC00517948,81.0
2017-07-11,USC00514830,79.0
2017-07-11,USC00519523,79.0
2017-07-12,USC00514830,81.0
2017-07-12,USC00516128,72.0
2017-07-12,USC00519523,82.0
2017-07-12,USC00513117,78.0
2017-07-12,USC00519281,74.0
2017-07-12,USC00519397,81.0
2017-07-12,USC00517948,80.0
2017-07-13,USC00517948,81.0
2017-07-13,USC00519281,74.0
2017-07-13,USC00516128,77.0
2017-07-13,USC00514830,81.0
2017-07-13,USC00513117,76.0
2017-07-13,USC00519397,79.0
2017-07-13,USC00519523,79.0
2017-07-14,USC00514830,80.0
2017-07-14,USC00519397,81.0
2017-07-14,USC00513117,80.0
2017-07-14,USC00516128,76.0
2017-07-14,USC00519281,76.0
2017-07-14,USC00519523,80.0
2017-07-15,USC00519523,82.0
2017-07-15,USC00519397,80.0
2017-07-15,USC00513117,79.0
2017-07-15,USC00516128,78.0
2017-07-15,USC00514830,82.0
2017-07-15,USC00519281,80.0
2017-07-16,USC00519397,78.0
2017-07-16,USC00514830,79.0
2017-07-16,USC00516128,75.0
2017-07-16,USC00519523,82.0
2017-07-16,USC00513117,76.0
2017-07-16,USC00519281,80.0
2017-07-17,USC00514830,82.0
2017-07-17,USC00519397,80.0
2017-07-17,USC00519523,82.0
2017-07-17,USC00519281,76.0
2017-07-17,USC00516128,72.0
2017-07-17,USC00513117,75.0
2017-07-18,USC00514830,82.0
2017-07-18,USC00519397,80.0
2017-07-18,USC00516128,77.0
2017-07-18,USC00513117,78.0
2017-07-18,USC00517948,78.0
2017-07-18,USC00519523,83.0
2017-07-18,USC00519281,76.0
2017-07-19,USC00517948,81.0
2017-07-19,USC00519281,76.0
2017-07-19,USC00513117,78.0
2017-07-19,USC00514830,80.0
2017-07-19,USC00516128,74.0
2017-07-19,USC00519523,80.0
2017-07-20,USC00514830,79.0
2017-07-20,USC00519523,80.0
2017-07-20,USC00513117,78.0
2017-07-20,USC00516128,75.0
2017-07-20,USC00517948,80.0
2017-07-20,USC00519281,77.0
2017-07-20,USC00519397,80.0
2017-07-21,USC00514830,79.0
2017-07-21,USC00519281,77.0
2017-07-21,USC00516128,72.0
2017-07-21,USC00519523,80.0
2017-07-21,USC00513117,78.0
2017-07-21,USC00517948,81.0
2017-07-21,USC00519397,80.0
2017-07-22,USC00519281,77.0
2017-07-22,USC00519523,78.0
2017-07-22,USC00513117,78.0
2017-07-22,USC00519397,81.0
2017-07-22,USC00516128,72.0
2017-07-22,USC00514830,80.0
2017-07-23,USC00514830,82.0
2017-07-23,USC00516128,78.0
2017-07-23,USC00513117,75.0
2017-07-23,USC00519281,82.0
2017-07-23,USC00519397,81.0
2017-07-24,USC00519397,78.0
2017-07-24,USC00519523,79.0
2017-07-24,USC00519281,75.0
2017-07-24,USC00513117,78.0
2017-07-24,USC00516128,77.0
2017-07-24,USC00514830,79.0
2017-07-25,USC00519281,77.0
2017-07-25,USC00519397,80.0
2017-07-25,USC00517948,81.0
2017-07-25,USC00519523,80.0
2017-07-25,USC00516128,79.0
2017-07-25,USC00513117,78.0
2017-07-25,USC00514830,80.0
2017-07-26,USC00513117,78.0
2017-07-26,USC00519281,75.0
2017-07-26,USC00514830,79.0
2017-07-26,USC00519397,82.0
2017-07-26,USC00517948,78.0
2017-07-26,USC00519523,84.0
2017-07-26,USC00516128,73.0
2017-07-27,USC00519523,80.0
2017-07-27,USC00514830,80.0
2017-07-27,USC00519281,76.0
2017-07-27,USC00519397,79.0
2017-07-27,USC00516128,75.0
2017-07-27,USC00513117,77.0
2017-07-27,USC00517948,79.0
2017-07-28,USC00519397,81.0
2017-07-28,USC00513117,77.0
2017-07-28,USC00514830,81.0
2017-07-28,USC00517948,80.0
2017-07-28,USC00519523,81.0
2017-07-28,USC00519281,81.0
2017-07-28,USC00516128,73.0
2017-07-29,USC00513117,78.0
2017-07-29,USC00519523,83.0
2017-07-29,USC00514830,82.0
2017-07-29,USC00516128,77.0
2017-07-29,USC00519397,81.0
2017-07-29,USC00519281,82.0
2017-07-30,USC00519523,84.0
2017-07-30,USC00516128,79.0
2017-07-30,USC00519397,81.0
2017-07-30,USC00513117,78.0
2017-07-30,USC00519281,81.0
2017-07-31,USC00519281,76.0
2017-07-31,USC00519523,82.0
2017-07-31,USC00516128,74.0
2017-07-31,USC00514830,81.0
2017-07-31,USC00517948,81.0
2017-07-31,USC00519397,80.0
2017-07-31,USC00513117,77.0
2017-08-01,USC00519523,75.0
2017-08-01,USC00516128,72.0
2017-08-01,USC00514830,74.0
2017-08-01,USC00519397,77.0
2017-08-02,USC00514830,80.0
2017-08-02,USC00516128,80.0
2017-08-02,USC00519523,83.0
2017-08-02,USC00519397,73.0
2017-08-03,USC00514830,81.0
2017-08-03,USC00519523,80.0
2017-08-03,USC00519397,79.0
2017-08-03,USC00516128,76.0
2017-08-04,USC00514830,81.0
2017-08-04,USC00519281,77.0
2017-08-04,USC00519523,82.0
2017-08-04,USC00519397,80.0
2017-08-05,USC00519397,81.0
2017-08-05,USC00519281,82.0
2017-08-05,USC00516128,77.0
2017-08-06,USC00519281,83.0
2017-08-06,USC00519397,80.0
2017-08-06,USC00516128,79.0
2017-08-06,USC00514830,82.0
2017-08-06,USC00519523,83.0
2017-08-07,USC00514830,81.0
2017-08-07,USC00519523,83.0
2017-08-07,USC00516128,78.0
2017-08-07,USC00519397,80.0
2017-08-08,USC00516128,74.0
2017-08-08,USC00519523,82.0
2017-08-08,USC00514830,78.0
2017-08-08,USC00519397,80.0
2017-08-09,USC00516128,71.0
2017-08-09,USC00519397,80.0
2017-08-09,USC00514830,81.0
2017-08-10,USC00514830,81.0
2017-08-10,USC00519397,81.0
2017-08-10,USC00519523,80.0
2017-08-10,USC00516128,75.0
2017-08-11,USC00516128,72.0
2017-08-11,USC00514830,81.0
2017-08-11,USC00519397,78.0
2017-08-11,USC00519523,81.0
2017-08-12,USC00519397,80.0
2017-08-12,USC00516128,74.0
2017-08-12,USC00519523,83.0
2017-08-13,USC00516128,80.0
2017-08-13,USC00519523,84.0
2017-08-13,USC00514830,81.0
2017-08-13,USC00519397,81.0
2017-08-13,USC00519281,77.0
2017-08-14,USC00519397,79.0
2017-08-14,USC00519523,75.0
2017-08-14,USC00514830,81.0
2017-08-14,USC00516128,79.0
2017-08-14,USC00519281,77.0
2017-08-15,USC00514830,82.0
2017-08-15,USC00519281,77.0
2017-08-15,USC00519523,79.0
2017-08-15,USC00519397,78.0
2017-08-15,USC00516128,70.0
2017-08-16,USC00514830,82.0
2017-08-16,USC00519281,76.0
2017-08-16,USC00519523,79.0
2017-08-16,USC00516128,71.0
2017-08-17,USC00514830,78.0
2017-08-17,USC00516128,72.0
2017-08-17,USC00519281,76.0
2017-08-17,USC00519523,83.0
2017-08-18,USC00519281,79.0
2017-08-18,USC00516128,76.0
2017-08-18,USC00519397,80.0
2017-08-18,USC00514830,77.0
2017-08-19,USC00519523,85.0
2017-08-19,USC00514830,80.0
2017-08-19,USC00519397,79.0
2017-08-19,USC00516128,71.0
2017-08-20,USC00519397,81.0
2017-08-20,USC00516128,78.0
2017-08-20,USC00514830,80.0
2017-08-21,USC00516128,76.0
2017-08-21,USC00514830,79.0
2017-08-21,USC00519523,82.0
2017-08-21,USC00519397,81.0
2017-08-22,USC00519397,82.0
2017-08-22,USC00519523,82.0
2017-08-22,USC00516128,76.0
2017-08-23,USC00519397,81.0
2017-08-23,USC00514830,82.0
2017-08-23,USC00519523,82.0
2017-08-23,USC00516128,76.0
